AuthorID,Author_about
A100000000,William Shakespeare William Shakespeare (baptised 26 April 1564) was a
A100000001,Wu Cheng'en Wu Cheng'en (simplified Chinese: ; traditional Chi
A100000002,"Bartolomé de las Casas Bartolomé de las Casas, O.P. (November 1484 – 18 J"
A100000003,Nicolaus Copernicus Polish name: . Polish astronomer and mathematician
A100000004,Giorgio Vasari Giorgio Vasari was an Italian painter and architec
A100000005,"Martin Luther Martin Luther was a German monk, theologian, unive"
A100000006,Ludovico Ariosto Ludovico Ariosto was an Italian poet. He is best k
A100000007,"Anonymous Books can be attributed to ""Anonymous"" for several"
A100000008,"Christopher Marlowe Christopher ""Kit"" Marlowe (baptised 26 February 15"
A100000009,Edmund Spenser Edmund Spenser (c. 1552 – 13 January 1599) was an 
A100000010,"Erasmus Erasmus (28 October 1466 – 12 July 1536), known as"
A100000011,"Giordano Bruno Giordano Bruno (1548 – February 17, 1600), born Fi"
A100000012,"Juan de la Cruz Juan de la Cruz (English: ), born , was a major Co"
A100000013,Niccolò Machiavelli Niccolò di Bernardo dei Machiavelli was an Italian
A100000014,Cornelius Agrippa Cornelius Agrippa (most often referred to by the L
A100000015,"Jan Kochanowski Kochanowski was born at Sycyna, near Radom, Poland"
A100000016,"Tang Xianzu Tang Xianzu (Chinese: 湯顯祖; September 24, 1550 — Ju"
A100000017,"Pietro Aretino Pietro Aretino was an Italian author, playwright, "
A100000018,Francisco De Cuellar Francisco de Cuéllar was a Spanish sea captain who
A100000019,Vitsentzos Kornaros Vitsentzos Kornaros (Greek: ; a.k.a. Vikentios Kor
A100000020,John Lyly (c. 1553 or 1554 – November 1606) An English write
A100000021,Luís de Camões Luís Vaz de Camões (Portuguese pronunciation: [luˈ
A100000022,"Philip Sidney Sir Philip Sidney was an English poet, courtier an"
A100000023,Stephan Füssel 
A100000024,"Paracelsus Paracelsus, who published under the name  (""greate"
A100000025,Torquato Tasso Torquato Tasso (11 March 1544 – 25 April 1595) was
A100000026,"Moderata Fonte Moderata Fonte, pseudonym of Modesta Pozzo (1555-1"
A100000027,Thomas Kyd Thomas Kyd (baptised 6 November 1558; buried 15 Au
A100000028,"Unknown Books can be attributed to ""Unknown"" when the auth"
A100000029,Álvar Núñez Cabeza de Vaca Álvar Núñez Cabeza de Vaca was a Spanish explorer 
A100000030,"Gil Vicente Gil Vicente, called , was a Portuguese playwright "
A100000031,Baldassare Castiglione Count Baldassarre (of) Castiglione was an Italian 
A100000032,Zahirud-din Muhammad Babur Zahir ud-din Muhammad Babur more commonly known as
A100000033,"Teresa of Ávila Teresa of Ávila, also called , was a prominent Spa"
A100000034,"John Calvin John Calvin (10 July 1509 – 27 May 1564), né , re-"
A100000035,"Marguerite de Navarre Marguerite de Navarre, also known as Marguerite d'"
A100000036,"John Foxe John Foxe was born at Boston, in Lincolnshire, in "
A100000037,Benvenuto Cellini 
A100000038,"Francis Bacon Francis Bacon, 1st Viscount St Alban, QC, was an E"
A100000039,Michel de Montaigne Michel Eyquem de Montaigne was one of the most inf
A100000040,François Rabelais François Rabelais was a major French Renaissance w
A100000041,Thomas More Thomas More (/ˈmɔːr/; 7 February 1478 – 6 July 153
A100000042,"Molière Jean-Baptiste Poquelin, also known by his stage na"
A100000043,Pedro Calderón de la Barca Pedro Calderón de la Barca y Henao was a dramatist
A100000044,Charles Perrault Charles Perrault was a French author who laid foun
A100000045,Blaise Pascal French mathematician and philosopher Blaise Pascal
A100000046,"Jean Racine Jean Baptiste Racine was a French dramatist, one o"
A100000047,Jean de La Fontaine Jean de La Fontaine was the most famous French fab
A100000048,Joost van den Vondel 
A100000049,John Locke John Locke was an English philosopher. Locke is co
A100000050,"Madame de La Fayette Christened Marie-Madeleine Pioche de La Vergne, sh"
A100000051,Charles Sorel 
A100000052,"Lanling Xiaoxiao Sheng Lanling Xiaoxiao Sheng (Chinese: 蘭陵笑笑生) or ""The Sc"
A100000053,Thomas Hobbes Thomas Hobbes of Malmesbury (also Thomas Hobbes of
A100000054,"René Descartes René Descartes, also known as Renatus Cartesius (L"
A100000055,Ben Jonson Benjamin Jonson was an English Renaissance dramati
A100000056,Thomas Browne Browne's writings display a deep curiosity towards
A100000057,Thomas Middleton Thomas Middleton (1580 – 1627) was an English Jaco
A100000058,Lope de Vega Lope de Vega (also Félix Lope de Vega y Carpio or 
A100000059,Francis Beaumont Francis Beaumont (1584 – 6 March 1616) was a drama
A100000060,John  Ford John Ford (baptised 17 April 1586 – c. 1640?) was 
A100000061,Bernal Díaz del Castillo Bernal Díaz del Castillo (1492 – ca. 1580) was a c
A100000062,Pierre Corneille Pierre Corneille était l'un des trois grands drama
A100000063,Honoré d'Urfé 
A100000064,"Li Yu Li Yu (Chinese: 李漁; pinyin: Lǐ Yú, given name: 仙侣 "
A100000065,Agrippa d'Aubigné 
A100000066,Michiel de Swaen Michiel de Swaen was een heelmeester en een rederi
A100000067,Baruch Spinoza Baruch Spinoza was a Dutch philosopher. The breadt
A100000068,G.A. Bredero Gerbrand Adriaensz. BrederoPoet and playwright in 
A100000069,"John Bunyan John Bunyan, a Christian writer and preacher, was "
A100000070,John Dryden John Dryden (19 August [O.S. 9 August] 1631 – 12 M
A100000071,Sung Ying-hsing 
A100000072,"François Fénelon François Fénelon, more commonly known as François "
A100000073,Roger Williams Roger Williams (c. 1603 – between January and Marc
A100000074,"Elizabeth Cary Elizabeth Cary, Lady Falkland, nee Tanfield, was a"
A100000075,Samuel Pepys Samuel Pepys was an English naval administrator an
A100000076,Tommaso Campanella Tommaso Campanella OP (Italian: [tomˈmazo kampaˈnɛ
A100000077,"Margaret Cavendish Margaret Lucas Cavendish, Duchess of Newcastle, wa"
A100000078,Thomas Dekker Thomas Dekker (c. 1572 – 1632) was an Elizabethan 
A100000079,William Bradford William Bradford was an English leader of the sett
A100000080,Izaak Walton Izaak Walton (c. 1594[1] – 15 December 1683) was a
A100000081,"John Milton John Milton was an English poet, polemicist, man o"
A100000082,William Wycherley William Wycherley was an English dramatist of the 
A100000083,Francisco de Quevedo Francisco Gómez de Quevedo y Santibáñez Villegas w
A100000084,Aphra Behn Aphra Behn was a prolific dramatist of the English
A100000085,George Herbert George Herbert was a Welsh-born English poet and o
A100000086,Tirso de Molina Sus padres eran humildes sirvientes del Conde de M
A100000087,John Webster John Webster (c.1580 – c.1634) was an English Jaco
A100000088,Hans Jakob Christoffel von Grimmelshausen Grimmelshausen was born at Gelnhausen. At the age 
A100000089,"William Congreve ""William Congreve was an English playwright and po"
A100000090,"Galileo Galilei Galileo Galilei was a Tuscan (Italian) physicist, "
A100000091,Matsuo Bashō MATSUO Bashō (松尾 芭蕉) was the most famous poet of t
A100000092,Brother Lawrence Brother Lawrence was born Nicolas Herman in Hérimé
A100000093,François de La Rochefoucauld 
A100000094,"Robert  Burton Robert Burton was an English scholar, born in 1577"
A100000095,"Isaac Newton Sir Isaac Newton, FRS , was an English physicist, "
A100000096,Miguel de Cervantes Saavedra Miguel de Cervantes Saavedra was a Spanish novelis
A100000097,"Voltaire Complete works (1880) : In 1694, Age of Enlightenm"
A100000098,Pierre Choderlos de Laclos Pierre Ambroise François Choderlos de Laclos was a
A100000099,Johann Wolfgang von Goethe Johann Wolfgang von Goethe was a German writer. Ge
A100000100,"William Blake William Blake was an English poet, painter, and pr"
A100000101,"Denis Diderot Denis Diderot was a French philosopher, art critic"
A100000102,Henry Fielding Henry Fielding was born in Somerset in 1707. The s
A100000103,"Samuel Taylor Coleridge Samuel Taylor Coleridge was an English poet, criti"
A100000104,Immanuel Kant Immanuel Kant was an 18th-century philosopher from
A100000105,"Jonathan Swift Jonathan Swift was an Anglo-Irish satirist, essayi"
A100000106,"Montesquieu Montesquieu, generally referred to as simply , was"
A100000107,Founding Fathers The term  refers broadly to the individuals of the
A100000108,"Friedrich Schiller Friedrich Schiller (November 10, 1759 – May 9, 180"
A100000109,Daniel Defoe Daniel Defoe (1659/1661 [?] - 1731) was an English
A100000110,Friedrich Hölderlin Johann Christian Friedrich Hölderlin was a major G
A100000111,Jean-Jacques Rousseau Jean-Jacques Rousseau remains an important figure 
A100000112,David Hume David Hume (/ˈhjuːm/; 7 May 1711 NS (26 April 1711
A100000113,Jacques-Henri Bernardin de Saint-Pierre Jacques-Henri Bernardin de Saint-Pierre was a Fren
A100000114,George Berkeley George Berkeley (/ˈbɑːrklɪ/;[1][2] 12 March 1685 –
A100000115,"Ann Radcliffe Ann Radcliffe was an English author, a pioneer of "
A100000116,Samuel Johnson Samuel Johnson was an English author. Beginning as
A100000117,Alexander Pope Alexander Pope is generally regarded as the greate
A100000118,Charlotte Lennox Charlotte Ramsay Lennox (born: c. 1730) was a Brit
A100000119,"Thomas Jefferson More than a mere renaissance man, Jefferson may ac"
A100000120,Cao Xueqin Cao Xueqin (; pinyin: Cáo Xuěqín; Wade–Giles: Ts'a
A100000121,Richard Brinsley Sheridan Richard Brinsley Sheridan was an Irish-born playwr
A100000122,Jonathan Edwards Jonathan Edwards was the most eminent American phi
A100000123,"Pierre de Marivaux Pierre Carlet de Chamblain de Marivaux, commonly r"
A100000124,"Maria Edgeworth Edgeworth was an Anglo-Irish gentry-woman, born in"
A100000125,Carlo Goldoni Carlo Osvaldo Goldoni was an Italian playwright an
A100000126,John Gay John Gay was an English poet and dramatist. He is 
A100000127,Laurence Sterne Laurence Sterne was an Irish-born English novelist
A100000128,"Thomas Gray Thomas Gray was a poet, letter-writer, classical s"
A100000129,Gottfried Wilhelm Leibniz Gottfried Wilhelm von Leibniz (/ˈlaɪbnɪts/; German
A100000130,"Benjamin Franklin Benjamin Franklin was a writer, a philosopher, a s"
A100000131,Yamamoto Tsunetomo 
A100000132,Elizabeth Inchbald Elizabeth Inchbald (née Simpson) (1753–1821) was a
A100000133,"Charles Brockden Brown Charles Brockden Brown (January 17, 1771 – Februar"
A100000134,"Hannah Webster Foster Hannah Webster Foster (September 10, 1758 – April "
A100000135,Charlotte Charke 
A100000136,Georg Christoph Lichtenberg Georg Christoph Lichtenberg was a German scientist
A100000137,"William Godwin In 1756, William Godwin was born in England, the s"
A100000138,"Françoise de Graffigny Françoise de Graffigny, née d'Issembourg Du Buisso"
A100000139,"Ludvig Holberg Ludvig Holberg, Baron of Holberg, a writer, essayi"
A100000140,Robert Burns Robert Burns (also known as Robin) was a Scottish 
A100000141,"Marquis de Sade Donatien Alphonse François, Marquis de Sade (1740-"
A100000142,Shota Rustaveli Shota Rustaveli (Georgian: შოთა რუსთაველი) (born a
A100000143,George Farquhar George Farquhar (1677 – 29 April 1707) was an Iris
A100000144,"Gotthold Ephraim Lessing Gotthold Ephraim Lessing was a German writer, phil"
A100000145,"Jacques Cazotte Born at Dijon, he was educated by the Jesuits, and"
A100000146,Emanuel Swedenborg Emanuel Swedenborg (born Emanuel Swedberg; Februar
A100000147,Jane Collier Jane Collier (1714 – March 1755)[1] was an English
A100000148,Pierre-Augustin Caron de Beaumarchais Pierre-Augustin Caron de Beaumarchais was a French
A100000149,William Bartram 
A100000150,"Georgiana Cavendish Georgiana Cavendish, Duchess of Devonshire (née Sp"
A100000151,Thomas Paine Thomas Paine was an English-American political act
A100000152,Henry MacKenzie 
A100000153,"Betje Wolff Elizabeth Bekker Wolff, beter bekend als Betje Wol"
A100000154,Pu Songling Pu Songling (simplified Chinese: 蒲松龄; traditional 
A100000155,"William Bligh Vice Admiral of the Blue William Bligh, FRS, RN wa"
A100000156,"Edmund Burke Edmund Burke was an Anglo-Irish statesman, author,"
A100000157,"Tobias Smollett Tobias George Smollett was born in Dalquhurn, now "
A100000158,Mary Wollstonecraft Mary Wollstonecraft was an eighteenth century Brit
A100000159,Adam Smith Although the exact date of Smith's birth is unknow
A100000160,"Fanny Burney Also known as Frances Burney and, after her marria"
A100000161,"William Beckford William Thomas Beckford was an English novelist, a"
A100000162,"Antoine François Prévost Antoine François Prévost d'Exiles (April 1, 1697 –"
A100000163,"Oliver Goldsmith The Anglo-Irish poet, dramatist, novelist, and ess"
A100000164,"James Boswell James Boswell, 10th Laird of Auchinleck and 1st Ba"
A100000165,"Rudolf Erich Raspe Rudolf Erich Raspe was a German librarian, writer "
A100000166,William Wordsworth William Wordsworth was a major English romantic po
A100000167,John Cleland John Cleland (1709 – 1789) was an English novelist
A100000168,Samuel Richardson Samuel Richardson was a major English 18th century
A100000169,"Novalis Novalis was the pseudonym of , an author and philo"
A100000170,"Horace Walpole Horatio Walpole, 4th Earl of Orford — also known a"
A100000171,Matthew Lewis Matthew Gregory Lewis was an English novelist and 
A100000172,"Alexander Hamilton Alexander Hamilton (January 11, 1755 or 1757 – Jul"
A100000173,Giambattista Vico Giovanni Battista (Giambattista) Vico or Vigo was 
A100000174,Edward Gibbon Edward Gibbon (8 May 1737 – 16 January 1794) was a
A100000175,Jane Austen Jane Austen was an English novelist whose works of
A100000176,"Jacob Grimm Jacob Ludwig Karl Grimm, German philologist, juris"
A100000177,"Gustave Flaubert Gustave Flaubert (December 12, 1821 – May 8, 1880)"
A100000178,"Thomas Hardy Thomas Hardy, OM, was an English author of the nat"
A100000179,Arthur Conan Doyle Sir Arthur Conan Doyle was born the third of ten s
A100000180,"Mark Twain Mark Twain, better known by his pen name , was an "
A100000181,"Herman Melville Herman Melville was an American novelist, short st"
A100000182,Robert Louis Stevenson Robert Louis Balfour Stevenson was a Scottish nove
A100000183,Leo Tolstoy Leo Tolstoy (Russian: ; commonly  in Anglophone co
A100000184,Nathaniel Hawthorne Nathaniel Hawthorne was a 19th century American no
A100000185,"Fyodor Dostoyevsky Fyodor Dostoyevsky (Russian: ), sometimes translit"
A100000186,Charles Dickens Charles John Huffam Dickens (7 February 1812 – 9 J
A100000187,Oscar Wilde Oscar Fingal O'Flahertie Wills Wilde was an Irish 
A100000188,"George Eliot In 1819, novelist George Eliot (nee Mary Ann Evans"
A100000189,Hans Christian Andersen Hans Christian Andersen (often referred to in Scan
A100000190,"H.G. Wells In 1866, (Herbert George) H.G. Wells was born to a"
A100000191,Friedrich Nietzsche Friedrich Wilhelm Nietzsche (1844–1900) was a Germ
A100000192,"Knut Hamsun Awarded the Nobel Prize in Literature in 1920 ""for"
A100000193,Alexander Pushkin Alexander Sergeevich Pushkin was a Russian Romanti
A100000194,Søren Kierkegaard Søren Aabye Kierkegaard was a prolific 19th centur
A100000195,"Jerome K. Jerome Jerome Klapka Jerome (May 2, 1859 – June 14, 1927)"
A100000196,"Ivan Turgenev Ivan Turgenev (Cyrillic: ) was a novelist, poet an"
A100000197,Honoré de Balzac Honoré de Balzac was a nineteenth-century French n
A100000198,Charlotte Perkins Gilman Charlotte Perkins Gilman was a prominent American 
A100000199,"Elizabeth Gaskell Elizabeth Gaskell, née Stevenson (29 September 181"
A100000200,Émile Zola Émile François Zola was an influential French nove
A100000201,"Henry James Henry James, OM, son of theologian Henry James Sr."
A100000202,Georg Wilhelm Friedrich Hegel German philosopher and one of the founding figures
A100000203,Joseph Conrad Joseph Conrad (born ) was a Polish-born English no
A100000204,"Alexandre Dumas fils Alexandre Dumas (son) was born in Paris, France, t"
A100000205,Jules Verne Jules Gabriel Verne was a French author who pionee
A100000206,"Walter Scott Sir Walter Scott was born on August 15, 1771 in Ed"
A100000207,Johann Peter Hebel Johann Peter Hebel (10 May 1760 – 22 September 182
A100000208,"Karl Marx In 1818, Karl Marx, descended from a long line of "
A100000209,Mary Elizabeth Braddon Mary Elizabeth Braddon was a British Victorian era
A100000210,"Anthony Hope Sir Anthony Hope Hawkins, better known as Anthony "
A100000211,Edgar Allan Poe The name Poe brings to mind images of murderers an
A100000212,"Washington Irving Washington Irving was an American author, essayist"
A100000213,Ivan Goncharov Ivan Alexandrovich Goncharov was a Russian novelis
A100000214,Anthony Trollope Anthony Trollope became one of the most successful
A100000215,"Lewis Carroll The Reverend Charles Lutwidge Dodgson, better know"
A100000216,Henrik Ibsen Henrik Johan Ibsen was a major Norwegian playwrigh
A100000217,"Louisa May Alcott As : Behind a Mask, or a Woman's Power (1866)The A"
A100000218,"Stendhal Stendhal, better known by his pen name , was a 19t"
A100000219,"Victor Hugo Victor Hugo, in full Victor-Marie Hugo (b. Februar"
A100000220,Edmond Rostand Edmond Rostand was a French poet and dramatist.Ros
A100000221,"John Stuart Mill John Stuart Mill, British philosopher, political e"
A100000222,Henryk Sienkiewicz Henryk Adam Aleksander Pius Sienkiewicz (also know
A100000223,Guy de Maupassant Henri René Albert Guy de Maupassant was a popular 
A100000224,Alexis de Tocqueville Alexis-Charles-Henri Clérel de Tocqueville (July 2
A100000225,"Leopold von Sacher-Masoch Austrian writer and journalist, who gained renown "
A100000226,"Heinrich von Kleist The dramatist, writer, lyricist, and publicist Hei"
A100000227,"Stephen Crane Stephen Crane was an American novelist, poet and j"
A100000228,"Harriet Ann Jacobs Harriet was born in Edenton, North Carolina to Dan"
A100000229,J. Sheridan Le Fanu Joseph Thomas Sheridan Le Fanu (28 August 1814 – 7
A100000230,Edwin A. Abbott From Biography Base:Edwin Abbott Abbott (December 
A100000231,"Christina Rossetti Christina Georgina Rossetti, one of the most impor"
A100000232,"Mikhail Lermontov Mikhail Lermontov, a Russian Romantic writer, poet"
A100000233,Nikolai Gogol Nikolai Vasilievich Gogol () was born in the Ukrai
A100000234,Johann David Wyss From Christian Classics LibraryWyss is best rememb
A100000235,"Alexandre Dumas Alexandre Dumas, père (French for ""father"", akin t"
A100000236,Anton Chekhov Anton Pavlovich Chekhov [Russian: ] was born in th
A100000237,H. Rider Haggard Sir Henry Rider Haggard was an English writer of a
A100000238,Frederick Douglass Frederick Douglass (née Frederick Augustus Washing
A100000239,"Arthur Rimbaud French poet and adventurer, who stopped writing ve"
A100000240,Bo Hampton 
A100000241,"Johann Peter Eckermann Johann Peter Eckermann (September 21, 1792 - Decem"
A100000242,"Adalbert Stifter Adalbert Stifter was an Austrian writer, poet, pai"
A100000243,"Anne Brontë Anne Brontë was a British novelist and poet, the y"
A100000244,Wilkie Collins A close friend of Charles Dickens from their meeti
A100000245,Charles Baudelaire Charles Pierre Baudelaire was a 19th century Frenc
A100000246,"Carlo Collodi Carlo Lorenzini, better known by the pen name Carl"
A100000247,James Fenimore Cooper James Fenimore Cooper was a popular and prolific A
A100000248,"Charlotte Brontë Charlotte Brontë was a British novelist, the eldes"
A100000249,Kate Chopin Kate Chopin was an American novelist and short-sto
A100000250,Henry David Thoreau Henry David Thoreau (born David Henry Thoreau) was
A100000251,"Rudyard Kipling Joseph Rudyard Kipling was a journalist, short-sto"
A100000252,Anna Sewell Anna Sewell was a kind and generous woman whose gr
A100000253,Harriet Beecher Stowe Harriet Elizabeth Beecher Stowe was an American au
A100000254,"Walt Whitman Walter Whitman was an American poet, essayist, jou"
A100000255,"William Makepeace Thackeray Thackeray, an only child, was born in Calcutta, In"
A100000256,"Charles Darwin Charles Robert Darwin was an English naturalist, e"
A100000257,"L. Frank Baum L. Frank Baum also wrote under the name , Lyman Fr"
A100000258,"Johanna Spyri Johanna Spyri was an author of children's stories,"
A100000259,Bram Stoker He was born Abraham Stoker in 1847 at 15 Marino Cr
A100000260,Mary Wollstonecraft Shelley Mary Wollstonecraft Shelley (née Mary Wollstonecra
A100000261,"Emily Brontë Emily Jane Brontë was a British novelist and poet,"
A100000262,"Harper Lee Harper Lee, known as Nelle, was born in the Alabam"
A100000263,John Steinbeck John Steinbeck III was an American writer. He wrot
A100000264,E.B. White Elwyn Brooks White was a leading American essayist
A100000265,"J.R.R. Tolkien John Ronald Reuel Tolkien, CBE, was an English wri"
A100000266,"Kurt Vonnegut Kurt Vonnegut, Junior was an American novelist, sa"
A100000267,"Arthur Golden Arthur Golden was born in Chattanooga, Tennessee, "
A100000268,"Douglas Adams Douglas Noël Adams was an English author, comic ra"
A100000269,Margaret Atwood Margaret Atwood was born in 1939 in Ottawa and gre
A100000270,"William Golding Sir William Gerald Golding was a British novelist,"
A100000271,"Lois Lowry Taken from Lowry's website:""I’ve always felt that "
A100000272,"Margaret Mitchell  Margaret Munnerlyn Mitchell, popularly known as M"
A100000273,"J.K. Rowling Although she writes under the pen name , pronounce"
A100000274,"Ken Kesey American writer, who gained world fame with his no"
A100000275,José Saramago  (pronounced [ʒuˈzɛ sɐɾɐˈmagu]) was a Nobel-laurea
A100000276,"James Joyce James Joyce, Irish novelist, noted for his experim"
A100000277,"J.D. Salinger Jerome David Salinger was an American author, best"
A100000278,Virginia Woolf (Adeline) Virginia Woolf was an English novelist a
A100000279,Hunter S. Thompson Hunter Stockton Thompson was an American journalis
A100000280,"William Styron William Styron (1925–2006), born in Newport News, "
A100000281,Anita Diamant Anita Diamant is the author of twelve books -- the
A100000282,"Larry McMurtry Larry McMurtry was born in Wichita Falls, Texas on"
A100000283,"Wilson Rawls Wilson Rawls was born on September 24, 1913, in th"
A100000284,"Anthony Burgess Anthony Burgess was a British novelist, critic and"
A100000285,"Zora Neale Hurston  was an American folklorist and author. In 1925, s"
A100000286,Daniel Keyes Daniel Keyes was an American author best known for
A100000287,C.S. Lewis CLIVE STAPLES LEWIS (1898–1963) was one of the int
A100000288,Ralph Ellison Ralph Ellison was a scholar and writer. He was bor
A100000289,Laura Ingalls Wilder Ingalls wrote a series of historical fiction books
A100000290,Ernest Hemingway Ernest Miller Hemingway was an American author and
A100000291,Tim O'Brien Tim O'Brien matriculated at Macalester College. Gr
A100000292,Amy Tan Amy Tan (Chinese: 譚恩美; pinyin: Tán Ēnměi; born Feb
A100000293,"John Irving JOHN IRVING was born in Exeter, New Hampshire, in "
A100000294,Ayn Rand Alisa Rosenbaum was born in pre-revolutionary St. 
A100000295,"Frank McCourt Francis ""Frank"" McCourt was an Irish-American teac"
A100000296,Antoine de Saint-Exupéry Antoine de Saint-Exupéry was born in Lyons on June
A100000297,"L.M. Montgomery  was a Canadian author, best known for a series of"
A100000298,"Toni Morrison Toni Morrison (born Chloe Anthony Wofford), is an "
A100000299,Caleb Carr Caleb Carr is an American novelist and military hi
A100000300,Carson McCullers Carson McCullers was an American who wrote fiction
A100000301,"Viktor E. Frankl , was an Austrian neurologist and psychiatrist as "
A100000302,Nicholas Sparks 
A100000303,Art Spiegelman Art Spiegelman (born ) is New-York-based comics ar
A100000304,"Howard Zinn Howard Zinn was a historian, playwright, and socia"
A100000305,"Norton Juster Norton Juster is an architect and planner, profess"
A100000306,Evelyn Waugh Evelyn Waugh's father Arthur was a noted editor an
A100000307,"Jorge Luis Borges Jorge Francisco Isidoro Luis Borges Acevedo, usual"
A100000308,William Gibson William Ford Gibson is an American-Canadian writer
A100000309,"E.M. Forster E.M. Forster, generally published as , was an nove"
A100000310,"Roald Dahl Roald Dahl was a British novelist, short story wri"
A100000311,"Wally Lamb Wally Lamb is the author of She's Come Undone, The"
A100000312,Robert M. Pirsig Robert Maynard Pirsig was an American writer and p
A100000313,Edith Wharton Edith Newbold Jones was born into such wealth and 
A100000314,"Laura Esquivel A teacher by trade, Laura Esquivel gained internat"
A100000315,J.M. Coetzee J.M. Coetzee is an author and academic from South 
A100000316,"Thomas Pynchon Thomas Ruggles Pynchon, Jr. is an American writer "
A100000317,"John Knowles John Knowles (September 16, 1926 - November 29, 20"
A100000318,Michael Chabon Michael Chabon (b. 1963) is an acclaimed and bests
A100000319,"Marcel Proust French novelist, best known for his 3000 page mast"
A100000320,Michael Ondaatje He was born to a Burgher family of Dutch-Tamil-Sin
A100000321,"John Berendt The son of two writers, John Berendt grew up in Sy"
A100000322,"Jean M. Auel Jean M. Auel, née Jean Marie Untinen is an America"
A100000323,"Upton Sinclair Upton Beall Sinclair, Jr. was an American author w"
A100000324,"Jhumpa Lahiri Nilanjana Sudeshna ""Jhumpa"" Lahiri was born in Lon"
A100000325,Stephen King Stephen Edwin King was born the second son of Dona
A100000326,"Kenneth Grahame Kenneth Grahame was a British writer, most famous "
A100000327,Willa Cather Wilella Sibert Cather was born in Back Creek Valle
A100000328,Agatha Christie Agatha Christie also wrote romance novels under th
A100000329,Jared Diamond Jared Diamond is the author of the Pulitzer Prize-
A100000330,Dan Brown Dan Brown is the author of numerous #1 bestselling
A100000331,John Kennedy Toole John Kennedy Toole was an American novelist from N
A100000332,"Mitch Albom Mitch is an author, journalist, screenwriter, play"
A100000333,Arthur Miller Arthur Asher Miller was an American playwright and
A100000334,"T.H. White Born in Bombay to English parents, Terence Hanbury"
A100000335,Richard Bach Since  - which dominated the #1 spot on the New Yo
A100000336,Arundhati Roy Arundhati Roy is an Indian writer who is also an a
A100000337,Philip K. Dick Philip K. Dick was born in Chicago in 1928 and liv
A100000338,F. Scott Fitzgerald Scott was an American writer of novels and short s
A100000339,Isabel Allende Isabel Allende Llona is a Chilean-American novelis
A100000340,Marion Zimmer Bradley Marion Eleanor Zimmer Bradley was an American auth
A100000341,Terry Pratchett Sir Terry Pratchett sold his first story when he w
A100000342,Haruki Murakami Haruki (Japanese: ) is a popular contemporary Japa
A100000343,"Philip Pullman In 1946, acclaimed author Philip Pullman was born "
A100000344,"Tennessee Williams Thomas Lanier Williams III, better known by the ni"
A100000345,Robert A. Heinlein Robert Anson Heinlein was an American novelist and
A100000346,Salman Rushdie Sir Ahmed Salman Rushdie is a novelist and essayis
A100000347,David Foster Wallace David Foster Wallace worked surprising turns on ne
A100000348,"Diana Gabaldon Diana Jean Gabaldon Watkins grew up in Flagstaff, "
A100000349,Albert Camus Albert (1913-1960) was a representative of non-met
A100000350,"Maya Angelou Maya Angelou, born Marguerite Ann Johnson April 4,"
A100000351,Aleksandr Solzhenitsyn Aleksandr Isayevich Solzhenitsyn was a Soviet and 
A100000352,Colleen McCullough Colleen Margaretta McCullough was an Australian au
A100000353,Alex Haley Alexander Murray Palmer Haley was an American writ
A100000354,"J.M. Barrie Sir James Matthew Barrie, 1st Baronet, OM was a Sc"
A100000355,Margaret Wise Brown Margaret Wise Brown wrote hundreds of books and st
A100000356,Rohinton Mistry Rohinton Mistry is considered to be one of the for
A100000357,Boris Pasternak Boris Pasternak was born in Moscow to talented art
A100000358,Kahlil Gibran Kahlil Gibran (Arabic: جبران خليل جبران) was a Leb
A100000359,"Daphne du Maurier If Daphne du Maurier had written only Rebecca, she"
A100000360,"T.S. Eliot Eliot was a poet, dramatist and literary critic. H"
A100000361,William Faulkner William Cuthbert Faulkner was a Nobel Prize-winnin
A100000362,Dr. Seuss Theodor Seuss Geisel was born 2 March 1904 in Spri
A100000363,Joseph Heller Joseph Heller was the son of poor Jewish parents f
A100000364,"James Clavell James Clavell, born Charles Edmund Dumaresq Clavel"
A100000365,"Chinua Achebe Chinua Achebe was a novelist, poet, professor at B"
A100000366,Anne Rice Anne Rice (born Howard Allen Frances O'Brien) is a
A100000367,Margery Williams Bianco Margery Williams Bianco was an English-American au
A100000368,Bill Watterson Bill Watterson (born William Boyd Watterson II) is
A100000369,Cormac McCarthy Cormac McCarthy is an American novelist and playwr
A100000370,Patrick Süskind From 1968-1974 he studied medieval and modern hist
A100000371,Shel Silverstein Shel Silverstein was the author-artist of many bel
A100000372,"Hermann Hesse Hermann Hesse was a German-Swiss poet, novelist, a"
A100000373,Corrie ten Boom Corrie ten Boom and her family were Christians who
A100000374,Franz Kafka Franz was one of the major fiction writers of the 
A100000375,"Jack London Jack London was an American novelist, journalist, "
A100000376,A.A. Milne Alan Alexander Milne (pronounced /ˈmɪln/) was an E
A100000377,William Goldman Goldman grew up in a Jewish family in Highland Par
A100000378,Erich Maria Remarque Erich Maria Remarque is one of the best known and 
A100000379,"George R.R. Martin George R.R. Martin was born September 20, 1948, in"
A100000380,Pearl S. Buck Pearl Sydenstricker Buck was a bestselling and Nob
A100000381,Alan Moore Alan Moore is an English writer most famous for hi
A100000382,"Mikhail Bulgakov Mikhail Bulgakov was born in Kyiv, Russian Empire "
A100000383,"Stephen Chbosky Stephen Chbosky grew up in Pittsburgh, Pennsylvani"
A100000384,Jack Kerouac Jack Kerouac was born Jean-Louis Lebris de Kerouac
A100000385,Frank Herbert Frank Herbert was a critically acclaimed and comme
A100000386,Chuck Palahniuk Written in stolen moments under truck chassis and 
A100000387,Ken Follett Ken Follett is one of the world’s most successful 
A100000388,"Umberto Eco Umberto Eco was an Italian writer of fiction, essa"
A100000389,Frances Hodgson Burnett Frances Eliza Hodgson was the daughter of ironmong
A100000390,Maurice Sendak Maurice Bernard Sendak was an American writer and 
A100000391,Milan Kundera Milan Kundera is a Czech and French writer of Czec
A100000392,Franz Kafka  was one of the major fiction writers of the 20th 
A100000393,"Alice Walker Alice Walker, one of the United States’ preeminent"
A100000394,"L.M. Montgomery Montgomery was a Canadian author, best known for a"
A100000395,Truman Capote Truman Capote was an American writer whose non-fic
A100000396,Paulo Coelho The Brazilian author PAULO COELHO was born in 1947
A100000397,"Sylvia Plath Sylvia Plath was an American poet, novelist, and s"
A100000398,Gabriel García Márquez Gabriel José de la Concordia Garcí­a Márquez was a
A100000399,Elie Wiesel Eliezer Wiesel was a Romania-born American novelis
A100000400,Betty  Smith Betty Smith (AKA Sophina Elisabeth Wehner): Born- 
A100000401,"Barbara Kingsolver Barbara Kingsolver is an American novelist, essayi"
A100000402,Orson Scott Card Orson Scott Card is the author of the novels Ender
A100000403,"Richard  Adams Adams was born in Newbury, Berkshire. From 1933 un"
A100000404,Madeleine L'Engle Madeleine L'Engle was an American writer best know
A100000405,"Anne Frank  Annelies Marie ""Anne"" Frank was a Jewish girl bor"
A100000406,"Ray Bradbury American novelist, short story writer, essayist, p"
A100000407,"George Orwell George Orwell, better known by his pen name , was "
A100000408,Aldous Huxley Aldous Leonard Huxley was an English writer and on
A100000409,Rick Riordan Rick Riordan is the #1  bestselling author of many
A100000410,"Ian McEwan Ian McEwan was born on 21 June 1948 in Aldershot, "
A100000411,"Jodi Picoult Jodi Picoult is the author of twenty-three novels,"
A100000412,"Sue Monk Kidd Sue was raised in the small town of Sylvester, Geo"
A100000413,Carlos Ruiz Zafón Carlos Ruiz Zafón is a Spanish novelist. Born in B
A100000414,Jonathan Safran Foer Jonathan Safran Foer is the author of two bestsell
A100000415,"Cassandra Clare Hello Goodreadsers. Here's my official bio:""Cassan"
A100000416,Veronica Roth Veronica Roth is the #1 New York Times bestselling
A100000417,Jeffrey Eugenides Jeffrey Kent Eugenides is an American Pulitzer Pri
A100000418,"Stephenie Meyer I was born in Connecticut in 1973, during a brief "
A100000419,Alice Sebold Alice Sebold is an American writer. She has publis
A100000420,Jeannette Walls Jeannette Walls is a writer and journalist.Born in
A100000421,"Suzanne Collins Since 1991, Suzanne Collins has been busy writing "
A100000422,John Boyne John Boyne (born 30 April 1971 in Dublin) is an Ir
A100000423,Geraldine Brooks Australian-born Geraldine Brooks is an author and 
A100000424,Neil Gaiman 
A100000425,James Frey James Christopher Frey is an American author and e
A100000426,Christopher Hitchens Christopher Eric Hitchens was an English-born Amer
A100000427,Joan Didion Joan Didion was born in California and lives in Ne
A100000428,"John Green John Green's first novel, , won the 2006 Michael L"
A100000429,Lynne Truss Lynne Truss is a writer and journalist who started
A100000430,David McCullough David McCullough has twice received the Pulitzer P
A100000431,Richard Russo RICHARD RUSSO is the author of seven previous nove
A100000432,David Sedaris David Sedaris is a Grammy Award-nominated American
A100000433,Aravind Adiga Aravind Adiga was born in 1974 in Madras (now call
A100000434,Nicole Krauss Nicole Krauss is the author of the international b
A100000435,"Dave Eggers Dave Eggers is the author of ten books, including "
A100000436,"Michael Pollan Michael Pollan is an American author, journalist, "
A100000437,Laura Hillenbrand Laura Hillenbrand (born 1967) is the author of the
A100000438,"Marilynne Robinson Her 1980 novel, Housekeeping, won a Hemingway Foun"
A100000439,"David Wroblewski David Wroblewski grew up in rural Wisconsin, not f"
A100000440,"Ki Longfellow Ki Longfellow, born on Staten Island, New York, to"
A100000441,"Tatiana de Rosnay ""Manderley Forever"", my biography of Daphne du Mau"
A100000442,William Paul Young Wm. Paul Young is a Canadian author. Young was the
A100000443,"Malcolm Gladwell Malcolm Gladwell is a United Kingdom-born, Canadia"
A100000444,Richelle Mead Scorpio Richelle Mead is a New York Times and USA 
A100000445,Christopher Moore Christopher Moore is an American writer of absurdi
A100000446,Richard Dawkins 
A100000447,Michel Faber Michel Faber (born 13 April 1960) is a Dutch write
A100000448,Deborah Harkness My life has been a series of left turns that never
A100000449,Nicholas Sparks Nicholas Sparks is one of the world’s most beloved
A100000450,Libba Bray What is it about writing an author bio that gives 
A100000451,Mary Roach Mary Roach is the author of the New York Times bes
A100000452,Orhan Pamuk Orhan Pamuk was born in Istanbul in 1952 and grew 
A100000453,"Kia Carrington-Russell Kia is a Token, no, she is THE Token of Vampire & "
A100000454,"Dean Koontz Acknowledged as ""America's most popular suspense n"
A100000455,Susanna Clarke Susanna Clarke was born in Nottingham in 1959. A n
A100000456,"Doris Kearns Goodwin Also credited as ""Doris Kearns"" on the first editi"
A100000457,Patrick Rothfuss It all began when Pat Rothfuss was born to a marve
A100000458,Åsne Seierstad Asne Seierstad has received numerous awards for he
A100000459,"Greg Mortenson Greg Mortenson is the co-founder of nonprofit , , "
A100000460,John Ajvide Lindqvist John Ajvide Lindqvist (John Erik Ajvide Lindqvist)
A100000461,"Chuck Klosterman Charles John ""Chuck"" Klosterman is an American pop"
A100000462,Chimamanda Ngozi Adichie Chimamanda Ngozi Adichie is a Nigerian author. Her
A100000463,Ally Condie Ally Condie is a former high school English teache
A100000464,"C.J. Sansom Christopher John ""C.J."" Sansom is an English write"
A100000465,"Patricia Briggs Patricia Briggs was born in Butte, Montana to a ch"
A100000466,Lawrence Hill Hill is the author of ten books of fiction and non
A100000467,James Patterson James Patterson has created more enduring fictiona
A100000468,Neal Stephenson Neal Stephenson is the author of  and the three-vo
A100000469,"Irène Némirovsky Irène Némirovsky (born February 11, 1903, Kiev, di"
A100000470,"Christopher Paolini Christopher Paolini was born on November 17, 1983 "
A100000471,"Sherman Alexie Sherman J. Alexie, Jr., was born in October 1966. "
A100000472,Charlaine Harris Charlaine Harris has been a published novelist for
A100000473,E.L. James All you need to know should be on here: Please com
A100000474,"Kim Edwards Kim Edwards grew up in Skaneateles, New York, in t"
A100000475,Lauren Oliver Lauren Oliver is the cofounder of media and conten
A100000476,Kate Atkinson Kate Atkinson was born in York and now lives in Ed
A100000477,"Julie Powell Julie Powell was born and raised in Austin, Texas,"
A100000478,"Roberto Bolaño For most of his early adulthood, Bolaño was a vaga"
A100000479,J.R. Ward J.R. Ward is the #1 New York Times bestselling aut
A100000480,Kelley Armstrong Kelley Armstrong has been telling stories since be
A100000481,Rainbow Rowell Rainbow Rowell writes books. Sometimes she writes 
A100000482,Kristin Hannah Kristin Hannah is the award-winning and bestsellin
A100000483,Nathaniel Philbrick Philbrick was Brown’s first Intercollegiate All-Am
A100000484,"David Mitchell David Mitchell was born in Southport, Merseyside, "
A100000485,"Patrick Ness Patrick Ness, an award-winning novelist, has writt"
A100000486,"Craig Thompson Craig Ringwalt Thompson (b. September 21, 1975 in "
A100000487,"Harlan Coben With over 60 million books in print worldwide, Har"
A100000488,"John Connolly John Connolly was born in Dublin, Ireland in 1968 "
A100000489,"Jonas Jonasson After a long career as a journalist, media consult"
A100000490,"Ann Brashares Ann Brashares grew up in Chevy Chase, Maryland, wi"
A100000491,Ron Hall While my daddy was fightin´ the big war in the Pac
A100000492,Sam Harris Sam Harris (born 1967) is an American non-fiction 
A100000493,Julian Barnes Julian Patrick Barnes is a contemporary English wr
A100000494,"Sarah Dunant Sarah Dunant is a cultural commentator, award-winn"
A100000495,David Benioff David Benioff worked as a nightclub bouncer in San
A100000496,Laini Taylor Hi! I write fantasy books. My latest is STRANGE TH
A100000497,Lisa Genova Acclaimed as the Oliver Sacks of fiction and the M
A100000498,"Marissa Meyer I live in Tacoma, Washington, with my husband and "
A100000499,"Robert Fanney Robert Fannéy was born on November 4, 1972 in Sout"
A100000500,Nancy Horan Nancy Horan is a writer and a journalist whose wor
A100000501,Lisa See Lisa See is a Chinese-American author. Her books i
A100000502,"Stephen Colbert Stephen Tyrone Colbert is an American comedian, sa"
A100000503,"Tana French Tana French grew up in Ireland, Italy, the US and "
A100000504,Kami Garcia Kami Garcia is the #1 New York Times & USA Today b
A100000505,Sarah J. Maas Sarah J. Maas is the New York Times and USA Today 
A100000506,Hilary Mantel Hilary Mantel is the bestselling author of many no
A100000507,Pittacus Lore Pittacus Lore is Lorien’s ruling Elder. He has bee
A100000508,"T. Rafael Cimino T. Rafael Cimino (born Todd Rafael Cimino, June 4t"
A100000509,"Emma McLaughlin My partner, Nicki, and I have been writing togethe"
A100000510,Paula Hawkins Paula Hawkins is the author of the #1 New York Tim
A100000511,Per Petterson Petterson knew from the age of 18 that he wanted t
A100000512,Vicki Myron I was born in Spencer and grew up on a farm south 
A100000513,Donna Tartt Donna Tartt is an American writer who received cri
A100000514,Ishmael Beah Ishmael Beah was born in Sierra Leone in 1980. He 
A100000515,D.B.C. Pierre DBC Pierre is an Australian-born writer currently 
A100000516,"Kate DiCamillo Kate DiCamillo, the newly named National Ambassado"
A100000517,Alan Brennert Alan Brennert is the author of the historical nove
A100000518,"Andrew Davidson Andrew Davidson is the author of , which came out "
A100000519,Gayle Forman Award-winning author and journalist Gayle Forman h
A100000520,Maggie Stiefvater New York Times bestselling author of The Shiver Tr
A100000521,"Lauren Kate Lauren Kate grew up in Dallas, went to school in A"
A100000522,Brandon Sanderson Brandon’s major books for the second half of 2016 
A100000523,Cecelia Ahern Cecelia Ahern was born and grew up in Dublin. She 
A100000524,"Sarah Vowell Sarah Jane Vowell is an American author, journalis"
A100000525,Joshua Ferris Joshua Ferris is the author of novels Then We Came
A100000526,"David Nicholls David Nicholls is a British author, screenwriter, "
A100000527,Sarah Waters Sarah Waters is a British novelist. She is best kn
A100000528,"Dennis Lehane Dennis Lehane (born Aug 4th, 1966) is an American "
A100000529,Kate Morton KATE MORTON grew up in the mountains of south-east
A100000530,Jasper Fforde Jasper Fforde is a novelist living in Wales. He is
A100000531,Chris Cleave Chris Cleave was born in London and spent his earl
A100000532,"Justin Cronin In 2010, Justin Cronin’s The Passage was a phenome"
A100000533,"Jamie Ford Jamie Ford’s debut novel, , spent two years on the"
A100000534,"Ransom Riggs Hi, I'm Ransom, and I like to tell stories. Someti"
A100000535,Eric Schlosser Eric Schlosser is an award-winning American journa
A100000536,Brian Selznick Hello there. My name is Brian Selznick and I’m the
A100000537,Colum McCann Colum McCann is the author of two collections of s
A100000538,Cornelia Funke Cornelia Funke is a multiple award-winning German 
A100000539,Scott Westerfeld Scott Westerfeld is a New York Times bestselling a
A100000540,Barbara Ehrenreich Barbara Ehrenreich is an American journalist and t
A100000541,Jojo Moyes Jojo Moyes is a British novelist.Moyes studied at 
A100000542,Becca Fitzpatrick Becca Fitzpatrick grew up reading Nancy Drew and T
A100000543,Philip Roth Philip Milton Roth is an American novelist. He gai
A100000544,"Elizabeth Strout Elizabeth Strout is the author of several novels, "
A100000545,"Augusten Burroughs Augusten Burroughs born Christopher Robison, son o"
A100000546,"Azar Nafisi Azar Nafisi, Ph.D. (Persian: آذر نفیسی) (born Dece"
A100000547,"Leif Enger Leif Enger was raised in Osakis, Minnesota, and wo"
A100000548,Jennifer Egan Jennifer Egan was born in Chicago and raised in Sa
A100000549,Randy Pausch RandyRandy Pausch was a Professor of Computer Scie
A100000550,Max Brooks Max Brooks is The New York Times bestselling autho
A100000551,James Dashner James is the author of THE MAZE RUNNER trilogy and
A100000552,"Jay Asher Jay Asher was born in Arcadia, California on Septe"
A100000553,Stieg Larsson Stieg (born as ) was a Swedish journalist and writ
A100000554,"Gregory David Roberts Gregory David Roberts is an Australian author, mos"
A100000555,Andy Weir ANDY WEIR built a career as a software engineer un
A100000556,"Kristin Cashore So, here's the short tale of me: I grew up in the "
A100000557,"Jonathan Franzen Jonathan Franzen is the author of , winner of the "
A100000558,Lionel Shriver Lionel Shriver's novels include the  bestseller  a
A100000559,"Edward P. Jones Edward P. Jones has won the Pulitzer Prize, the Na"
A100000560,Zadie Smith Zadie Smith is the author of the novels White Teet
A100000561,"Tim Butcher Tim Butcher is a best-selling British author, jour"
A100000562,Rebecca Skloot Rebecca Skloot is an award winning science writer 
A100000563,"Ernest Cline ERNEST CLINE is a novelist, screenwriter, father, "
A100000564,Muriel Barbery Muriel Barbery is a French novelist and professor 
A100000565,"Abraham Verghese Abraham Verghese, MD, MACP, is Professor for the T"
A100000566,"Mitch Albom Mitch Albom is an author, journalist, screenwriter"
A100000567,"Bill Bryson William McGuire ""Bill"" Bryson, OBE, FRS was born i"
A100000568,Gillian Flynn Gillian Flynn is an American author and television
A100000569,Marjane Satrapi Marjane Satrapi (Persian: مرجان ساتراپی) is an Ira
A100000570,Erin Morgenstern Erin Morgenstern is a writer and a multimedia arti
A100000571,Garth Stein Garth Stein is the author of four novels: the New 
A100000572,Elizabeth Kostova Elizabeth Z. Johnson Kostova was born Elizabeth Z.
A100000573,"Ann Patchett Patchett was born in Los Angeles, California. Her "
A100000574,John Grogan John Grogan has spent more than 25 years as a news
A100000575,"Steven D. Levitt Steven David ""Steve"" Levitt is a prominent America"
A100000576,Junot Díaz Junot Díaz was born in the Dominican Republic and 
A100000577,Philippa Gregory Philippa Gregory was an established historian and 
A100000578,Jon Krakauer Jon Krakauer is an American writer and mountaineer
A100000579,Emma Donoghue Emma is the youngest of eight children of Frances 
A100000580,Elizabeth Gilbert  is an award-winning writer of both fiction and no
A100000581,"Mary Ann Shaffer Mary Ann Shaffer worked as an editor, a librarian,"
A100000582,"Mark Haddon Mark Haddon is a British novelist and poet, best k"
A100000583,"Erik Larson Erik Larson, author of the international bestselle"
A100000584,Kazuo Ishiguro Kazuo Ishiguro (カズオ・イシグロ or 石黒 一雄) is a British no
A100000585,"Khaled Hosseini Hosseini was born in Kabul, Afghanistan, in 1965. "
A100000586,Sara Gruen Sara Gruen is the #1 New York Times and USA Today 
A100000587,Diane Setterfield “…a mistress of the craft of storytelling.”The Gua
A100000588,Markus Zusak Markus Zusak was born in 1975 and is the author of
A100000589,"Kathryn Stockett Kathryn Stockett was born and raised in Jackson, M"
A100000590,"Yann Martel Yann Martel is the author of , the #1 internationa"
